{
    "openapi": "3.0.0",
    "info": {
        "title": "Manzil API Documentation",
        "description": "API documentation for the e-commerce platform designed for suppliers, resellers, and customers in Pakistan to sell and manage their products.",
        "contact": {
            "email": "support@manzil.com"
        },
        "version": "1.0.0"
    },
    "servers": [
        {
            "url": "http://manzil.test/api/",
            "description": "Local server"
        }
    ],
    "paths": {
        "/register-customer": {
            "post": {
                "tags": [
                    "Customer"
                ],
                "summary": "Register a new customer",
                "description": "Register a new customer and assign the 'Customer' role.",
                "operationId": "048e3accabe29a39f51e4a8dbe070ae1",
                "requestBody": {
                    "required": true,
                    "content": {
                        "application/json": {
                            "schema": {
                                "required": [
                                    "name",
                                    "email",
                                    "password",
                                    "password_confirmation"
                                ],
                                "properties": {
                                    "name": {
                                        "description": "Customer's full name",
                                        "type": "string",
                                        "example": "John Yar"
                                    },
                                    "email": {
                                        "description": "Customer's email address",
                                        "type": "string",
                                        "format": "email",
                                        "example": "customer33@manzil.comd"
                                    },
                                    "city_id": {
                                        "description": "City ID (optional, must exist in cities table)",
                                        "type": "string",
                                        "example": "1"
                                    },
                                    "contact_number": {
                                        "description": "Customer's contact number (optional)",
                                        "type": "string",
                                        "example": "+123456789"
                                    },
                                    "whatsapp_number": {
                                        "description": "Customer's WhatsApp number (optional)",
                                        "type": "string",
                                        "example": "+987654321"
                                    },
                                    "address": {
                                        "description": "Customer's address (optional)",
                                        "type": "string",
                                        "example": "123 Customer Street"
                                    },
                                    "password": {
                                        "description": "Password (minimum 8 characters)",
                                        "type": "string",
                                        "format": "password",
                                        "example": "password123"
                                    },
                                    "password_confirmation": {
                                        "description": "Password confirmation",
                                        "type": "string",
                                        "format": "password",
                                        "example": "password123"
                                    }
                                },
                                "type": "object"
                            }
                        }
                    }
                },
                "responses": {
                    "201": {
                        "description": "Customer successfully registered",
                        "content": {
                            "application/json": {
                                "schema": {
                                    "properties": {
                                        "message": {
                                            "type": "string",
                                            "example": "Customer successfully registered"
                                        },
                                        "user": {
                                            "properties": {
                                                "id": {
                                                    "type": "integer",
                                                    "example": 75
                                                },
                                                "name": {
                                                    "type": "string",
                                                    "example": "John Yar"
                                                },
                                                "email": {
                                                    "type": "string",
                                                    "format": "email",
                                                    "example": "customer33@manzil.comd"
                                                },
                                                "email_verified_at": {
                                                    "type": "string",
                                                    "format": "nullable",
                                                    "example": null
                                                },
                                                "roles": {
                                                    "type": "array",
                                                    "items": {
                                                        "type": "string",
                                                        "example": "Customer"
                                                    }
                                                },
                                                "created_at": {
                                                    "type": "string",
                                                    "example": "0 seconds ago"
                                                },
                                                "updated_at": {
                                                    "type": "string",
                                                    "example": "0 seconds ago"
                                                }
                                            },
                                            "type": "object"
                                        }
                                    },
                                    "type": "object"
                                }
                            }
                        }
                    },
                    "422": {
                        "description": "Validation errors",
                        "content": {
                            "application/json": {
                                "schema": {
                                    "properties": {
                                        "message": {
                                            "type": "string",
                                            "example": "The given data was invalid."
                                        },
                                        "errors": {
                                            "type": "object",
                                            "additionalProperties": {
                                                "type": "array",
                                                "items": {
                                                    "type": "string",
                                                    "example": "The name field is required."
                                                },
                                                "property": null
                                            }
                                        }
                                    },
                                    "type": "object"
                                }
                            }
                        }
                    }
                }
            }
        },
        "/register-supplier": {
            "post": {
                "tags": [
                    "Supplier"
                ],
                "summary": "Register a new supplier",
                "description": "This endpoint registers a new supplier with both user and supplier-specific details.",
                "operationId": "64cd90cb9f158414f5ef3cdddb66d3e3",
                "requestBody": {
                    "required": true,
                    "content": {
                        "application/json": {
                            "schema": {
                                "properties": {
                                    "name": {
                                        "description": "User's full name",
                                        "type": "string",
                                        "example": "John Doe"
                                    },
                                    "email": {
                                        "description": "User's email address",
                                        "type": "string",
                                        "format": "email",
                                        "example": "john.doe@example.com"
                                    },
                                    "city_id": {
                                        "description": "City ID associated with the user",
                                        "type": "string",
                                        "example": "1",
                                        "nullable": true
                                    },
                                    "contact_number": {
                                        "description": "Contact number of the user",
                                        "type": "string",
                                        "example": "123456789",
                                        "nullable": true
                                    },
                                    "whatsapp_number": {
                                        "description": "WhatsApp number of the user",
                                        "type": "string",
                                        "example": "987654321",
                                        "nullable": true
                                    },
                                    "address": {
                                        "description": "Address of the user",
                                        "type": "string",
                                        "example": "123 Main Street",
                                        "nullable": true
                                    },
                                    "password": {
                                        "description": "User's password (min: 8 characters)",
                                        "type": "string",
                                        "example": "securepassword123"
                                    },
                                    "password_confirmation": {
                                        "description": "Confirmation of the password",
                                        "type": "string",
                                        "example": "securepassword123"
                                    },
                                    "business_name": {
                                        "description": "Supplier's business name",
                                        "type": "string",
                                        "example": "John Supplies"
                                    },
                                    "contact_person": {
                                        "description": "Contact person for the supplier",
                                        "type": "string",
                                        "example": "John Contact",
                                        "nullable": true
                                    },
                                    "website": {
                                        "description": "Supplier's website",
                                        "type": "string",
                                        "format": "url",
                                        "example": "https://johnsupplies.com",
                                        "nullable": true
                                    },
                                    "supplier_type": {
                                        "description": "Type of supplier",
                                        "type": "string",
                                        "example": "Retail",
                                        "nullable": true
                                    },
                                    "main_category_id": {
                                        "description": "ID of the main product category",
                                        "type": "integer",
                                        "example": 5,
                                        "nullable": true
                                    },
                                    "secondary_category_id": {
                                        "description": "ID of the secondary product category",
                                        "type": "integer",
                                        "example": 10,
                                        "nullable": true
                                    },
                                    "product_available": {
                                        "description": "Quantity of products available",
                                        "type": "integer",
                                        "example": 100,
                                        "nullable": true
                                    },
                                    "product_source": {
                                        "description": "Source of the products",
                                        "type": "string",
                                        "example": "Local",
                                        "nullable": true
                                    },
                                    "product_unit_quality": {
                                        "description": "Quality of the product units",
                                        "type": "string",
                                        "example": "High",
                                        "nullable": true
                                    },
                                    "self_listing": {
                                        "description": "Indicates if the supplier lists products themselves",
                                        "type": "boolean",
                                        "example": false,
                                        "nullable": true
                                    },
                                    "product_range": {
                                        "description": "Range of products offered",
                                        "type": "string",
                                        "example": "Wide",
                                        "nullable": true
                                    },
                                    "using_daraz": {
                                        "description": "Indicates if the supplier uses Daraz for selling",
                                        "type": "boolean",
                                        "example": false,
                                        "nullable": true
                                    },
                                    "daraz_url": {
                                        "description": "Daraz profile URL",
                                        "type": "string",
                                        "format": "url",
                                        "example": "https://daraz.pk/johnsupplies",
                                        "nullable": true
                                    },
                                    "ecommerce_experience": {
                                        "description": "Supplier's e-commerce experience",
                                        "type": "string",
                                        "example": "5 years",
                                        "nullable": true
                                    },
                                    "term_agreed": {
                                        "description": "Indicates if the supplier has agreed to terms",
                                        "type": "boolean",
                                        "example": true,
                                        "nullable": true
                                    },
                                    "marketing_type": {
                                        "description": "Type of marketing used by the supplier",
                                        "type": "string",
                                        "example": "Online",
                                        "nullable": true
                                    },
                                    "preferred_contact_time": {
                                        "description": "Preferred time for contact",
                                        "type": "string",
                                        "format": "datetime",
                                        "example": "2025-01-25 10:00:00",
                                        "nullable": true
                                    }
                                },
                                "type": "object"
                            }
                        }
                    }
                },
                "responses": {
                    "200": {
                        "description": "Supplier successfully registered",
                        "content": {
                            "application/json": {
                                "schema": {
                                    "properties": {
                                        "message": {
                                            "type": "string",
                                            "example": "Supplier successfully registered"
                                        },
                                        "user": {
                                            "properties": {
                                                "id": {
                                                    "type": "integer",
                                                    "example": 74
                                                },
                                                "name": {
                                                    "type": "string",
                                                    "example": "John Doe"
                                                },
                                                "email": {
                                                    "type": "string",
                                                    "example": "fff@rrrrr.ffddje"
                                                },
                                                "email_verified_at": {
                                                    "type": "string",
                                                    "example": null,
                                                    "nullable": true
                                                },
                                                "roles": {
                                                    "type": "array",
                                                    "items": {
                                                        "type": "string"
                                                    },
                                                    "example": [
                                                        "Supplier"
                                                    ]
                                                },
                                                "created_at": {
                                                    "type": "string",
                                                    "example": "0 seconds ago"
                                                },
                                                "updated_at": {
                                                    "type": "string",
                                                    "example": "0 seconds ago"
                                                },
                                                "supplier_detail": {
                                                    "properties": {
                                                        "business_name": {
                                                            "type": "string",
                                                            "example": "John Supplies"
                                                        },
                                                        "contact_person": {
                                                            "type": "string",
                                                            "example": "John Contact"
                                                        },
                                                        "website": {
                                                            "type": "string",
                                                            "example": "https://johnsupplies.com"
                                                        },
                                                        "supplier_type": {
                                                            "type": "string",
                                                            "example": "Retail"
                                                        },
                                                        "main_category_id": {
                                                            "type": "integer",
                                                            "example": 5
                                                        },
                                                        "secondary_category_id": {
                                                            "type": "integer",
                                                            "example": 10
                                                        },
                                                        "product_available": {
                                                            "type": "integer",
                                                            "example": 100
                                                        },
                                                        "product_source": {
                                                            "type": "string",
                                                            "example": "Local"
                                                        },
                                                        "product_unit_quality": {
                                                            "type": "string",
                                                            "example": "High"
                                                        },
                                                        "self_listing": {
                                                            "type": "boolean",
                                                            "example": false
                                                        },
                                                        "product_range": {
                                                            "type": "string",
                                                            "example": "Wide"
                                                        },
                                                        "using_daraz": {
                                                            "type": "boolean",
                                                            "example": false
                                                        },
                                                        "daraz_url": {
                                                            "type": "string",
                                                            "example": "https://daraz.pk/johnsupplies"
                                                        },
                                                        "ecommerce_experience": {
                                                            "type": "string",
                                                            "example": "5 years"
                                                        },
                                                        "term_agreed": {
                                                            "type": "boolean",
                                                            "example": true
                                                        },
                                                        "marketing_type": {
                                                            "type": "string",
                                                            "example": "Online"
                                                        },
                                                        "preferred_contact_time": {
                                                            "type": "string",
                                                            "format": "datetime",
                                                            "example": "2025-01-25 10:00:00"
                                                        }
                                                    },
                                                    "type": "object"
                                                }
                                            },
                                            "type": "object"
                                        }
                                    },
                                    "type": "object"
                                }
                            }
                        }
                    },
                    "422": {
                        "description": "Validation error",
                        "content": {
                            "application/json": {
                                "schema": {
                                    "properties": {
                                        "message": {
                                            "type": "string",
                                            "example": "The given data was invalid."
                                        },
                                        "errors": {
                                            "type": "object"
                                        }
                                    },
                                    "type": "object"
                                }
                            }
                        }
                    }
                }
            }
        },
        "/login/{role}": {
            "post": {
                "tags": [
                    "Authentication"
                ],
                "summary": "Login a user",
                "operationId": "92114c89314d6bb3d3f3536909d6fc39",
                "parameters": [
                    {
                        "name": "role",
                        "in": "path",
                        "description": "Role of the user",
                        "required": true,
                        "schema": {
                            "type": "string",
                            "enum": [
                                "supplier",
                                "customer"
                            ],
                            "example": "supplier"
                        }
                    }
                ],
                "requestBody": {
                    "required": true,
                    "content": {
                        "application/json": {
                            "schema": {
                                "required": [
                                    "email",
                                    "password"
                                ],
                                "properties": {
                                    "email": {
                                        "type": "string",
                                        "format": "email",
                                        "example": "customer@manzil.com"
                                    },
                                    "password": {
                                        "type": "string",
                                        "format": "password",
                                        "example": "password"
                                    }
                                },
                                "type": "object"
                            }
                        }
                    }
                },
                "responses": {
                    "200": {
                        "description": "Login successful",
                        "content": {
                            "application/json": {
                                "schema": {
                                    "properties": {
                                        "message": {
                                            "type": "string",
                                            "example": "Login successful"
                                        },
                                        "token": {
                                            "type": "string",
                                            "example": "eyJ0eXAiOiJK..."
                                        }
                                    },
                                    "type": "object"
                                }
                            }
                        }
                    },
                    "403": {
                        "description": "Forbidden",
                        "content": {
                            "application/json": {
                                "schema": {
                                    "properties": {
                                        "message": {
                                            "type": "string",
                                            "example": "Unauthorized: Role mismatch."
                                        }
                                    },
                                    "type": "object"
                                }
                            }
                        }
                    },
                    "422": {
                        "description": "Validation errors",
                        "content": {
                            "application/json": {
                                "schema": {
                                    "properties": {
                                        "errors": {
                                            "type": "object"
                                        }
                                    },
                                    "type": "object"
                                }
                            }
                        }
                    }
                }
            }
        },
        "/forgot-password": {
            "post": {
                "tags": [
                    "Authentication"
                ],
                "summary": "Send password reset link",
                "description": "Send a password reset link to the user's registered email address.",
                "operationId": "f46fe87b31c0dadd30642d353886e6f1",
                "requestBody": {
                    "required": true,
                    "content": {
                        "application/json": {
                            "schema": {
                                "properties": {
                                    "email": {
                                        "type": "string",
                                        "example": "user@example.com"
                                    }
                                },
                                "type": "object"
                            }
                        }
                    }
                },
                "responses": {
                    "200": {
                        "description": "Password reset link sent successfully.",
                        "content": {
                            "application/json": {
                                "schema": {
                                    "properties": {
                                        "message": {
                                            "type": "string",
                                            "example": "Password reset link sent!"
                                        }
                                    },
                                    "type": "object"
                                }
                            }
                        }
                    },
                    "422": {
                        "description": "Validation error.",
                        "content": {
                            "application/json": {
                                "schema": {
                                    "properties": {
                                        "errors": {
                                            "type": "object"
                                        }
                                    },
                                    "type": "object"
                                }
                            }
                        }
                    },
                    "500": {
                        "description": "Unable to send password reset link.",
                        "content": {
                            "application/json": {
                                "schema": {
                                    "properties": {
                                        "message": {
                                            "type": "string",
                                            "example": "Unable to send password reset link."
                                        }
                                    },
                                    "type": "object"
                                }
                            }
                        }
                    }
                }
            }
        },
        "/reset-password": {
            "post": {
                "tags": [
                    "Authentication"
                ],
                "summary": "Reset user password",
                "description": "Reset the user's password using the provided token.",
                "operationId": "f93180f97c46f79e028b188d8763b2e1",
                "requestBody": {
                    "required": true,
                    "content": {
                        "application/json": {
                            "schema": {
                                "properties": {
                                    "email": {
                                        "type": "string",
                                        "example": "user@example.com"
                                    },
                                    "token": {
                                        "type": "string",
                                        "example": "reset-token"
                                    },
                                    "password": {
                                        "type": "string",
                                        "example": "newpassword123"
                                    },
                                    "password_confirmation": {
                                        "type": "string",
                                        "example": "newpassword123"
                                    }
                                },
                                "type": "object"
                            }
                        }
                    }
                },
                "responses": {
                    "200": {
                        "description": "Password reset successfully.",
                        "content": {
                            "application/json": {
                                "schema": {
                                    "properties": {
                                        "message": {
                                            "type": "string",
                                            "example": "Password has been successfully reset."
                                        }
                                    },
                                    "type": "object"
                                }
                            }
                        }
                    },
                    "422": {
                        "description": "Validation error.",
                        "content": {
                            "application/json": {
                                "schema": {
                                    "properties": {
                                        "errors": {
                                            "type": "object"
                                        }
                                    },
                                    "type": "object"
                                }
                            }
                        }
                    },
                    "400": {
                        "description": "Invalid or expired token.",
                        "content": {
                            "application/json": {
                                "schema": {
                                    "properties": {
                                        "error": {
                                            "type": "string",
                                            "example": "The provided token is invalid or expired."
                                        }
                                    },
                                    "type": "object"
                                }
                            }
                        }
                    }
                }
            }
        },
        "/products": {
            "get": {
                "tags": [
                    "Supplier Products"
                ],
                "summary": "Get a list of products for the authenticated supplier",
                "description": "Retrieve a list of products for the authenticated supplier with optional filters.",
                "operationId": "b3a184055d31edffb42805e81c64a478",
                "parameters": [
                    {
                        "name": "search",
                        "in": "query",
                        "description": "Search term to filter by product name.",
                        "required": false,
                        "schema": {
                            "type": "string"
                        }
                    },
                    {
                        "name": "name",
                        "in": "query",
                        "description": "Filter by product name.",
                        "required": false,
                        "schema": {
                            "type": "string"
                        }
                    },
                    {
                        "name": "sku",
                        "in": "query",
                        "description": "Filter by product SKU.",
                        "required": false,
                        "schema": {
                            "type": "string"
                        }
                    },
                    {
                        "name": "description",
                        "in": "query",
                        "description": "Filter by product description.",
                        "required": false,
                        "schema": {
                            "type": "string"
                        }
                    },
                    {
                        "name": "stock_quantity",
                        "in": "query",
                        "description": "Filter by product stock quantity.",
                        "required": false,
                        "schema": {
                            "type": "integer"
                        }
                    },
                    {
                        "name": "unit_selling_price",
                        "in": "query",
                        "description": "Filter by product unit selling price.",
                        "required": false,
                        "schema": {
                            "type": "string"
                        }
                    },
                    {
                        "name": "category_id",
                        "in": "query",
                        "description": "Filter by product category ID.",
                        "required": false,
                        "schema": {
                            "type": "integer"
                        }
                    },
                    {
                        "name": "is_active",
                        "in": "query",
                        "description": "Filter by product activity status (true or false).",
                        "required": false,
                        "schema": {
                            "type": "boolean"
                        }
                    }
                ],
                "responses": {
                    "200": {
                        "description": "List of products retrieved successfully.",
                        "content": {
                            "application/json": {
                                "schema": {
                                    "properties": {
                                        "data": {
                                            "type": "array",
                                            "items": {
                                                "properties": {
                                                    "id": {
                                                        "type": "integer"
                                                    },
                                                    "name": {
                                                        "type": "string"
                                                    },
                                                    "sku": {
                                                        "type": "string"
                                                    },
                                                    "is_active": {
                                                        "type": "boolean"
                                                    },
                                                    "description": {
                                                        "type": "string"
                                                    },
                                                    "stock_quantity": {
                                                        "type": "integer"
                                                    },
                                                    "unit_selling_price": {
                                                        "type": "string"
                                                    },
                                                    "referral_reward_type": {
                                                        "type": "string",
                                                        "nullable": true
                                                    },
                                                    "referral_reward_value": {
                                                        "type": "string",
                                                        "nullable": true
                                                    },
                                                    "created_at": {
                                                        "type": "string"
                                                    },
                                                    "updated_at": {
                                                        "type": "string"
                                                    },
                                                    "category": {
                                                        "properties": {
                                                            "id": {
                                                                "type": "integer"
                                                            },
                                                            "name": {
                                                                "type": "string"
                                                            },
                                                            "description": {
                                                                "type": "string"
                                                            }
                                                        },
                                                        "type": "object"
                                                    }
                                                },
                                                "type": "object"
                                            }
                                        }
                                    },
                                    "type": "object"
                                }
                            }
                        }
                    },
                    "400": {
                        "description": "Bad request due to invalid parameters."
                    },
                    "401": {
                        "description": "Unauthorized, authentication required."
                    },
                    "500": {
                        "description": "Internal server error."
                    }
                }
            }
        },
        "/supplier/products/{id}": {
            "get": {
                "tags": [
                    "Supplier Products"
                ],
                "summary": "Display a specific product by its ID",
                "description": "Retrieve detailed information about a specific product by its ID.",
                "operationId": "540781a5bedd21d7b07d7f9764e12cf9",
                "parameters": [
                    {
                        "name": "id",
                        "in": "path",
                        "required": true,
                        "schema": {
                            "description": "The ID of the product",
                            "type": "integer",
                            "example": 1
                        }
                    }
                ],
                "responses": {
                    "200": {
                        "description": "Product retrieved successfully",
                        "content": {
                            "application/json": {
                                "schema": {
                                    "properties": {
                                        "data": {
                                            "properties": {
                                                "id": {
                                                    "type": "integer",
                                                    "example": 1
                                                },
                                                "name": {
                                                    "type": "string",
                                                    "example": "animi officia"
                                                },
                                                "sku": {
                                                    "type": "string",
                                                    "example": "Piuuo"
                                                },
                                                "is_active": {
                                                    "type": "boolean",
                                                    "example": true
                                                },
                                                "description": {
                                                    "type": "string",
                                                    "example": "Dolor nemo velit et voluptatem numquam voluptas."
                                                },
                                                "stock_quantity": {
                                                    "type": "integer",
                                                    "example": 104
                                                },
                                                "unit_selling_price": {
                                                    "type": "string",
                                                    "example": "283.54"
                                                },
                                                "referral_reward_type": {
                                                    "type": "string",
                                                    "example": "fixed|percentage"
                                                },
                                                "referral_reward_value": {
                                                    "type": "string",
                                                    "example": "null"
                                                },
                                                "created_at": {
                                                    "type": "string",
                                                    "example": "12 hours ago"
                                                },
                                                "updated_at": {
                                                    "type": "string",
                                                    "example": "12 hours ago"
                                                },
                                                "category": {
                                                    "properties": {
                                                        "id": {
                                                            "type": "integer",
                                                            "example": 1
                                                        },
                                                        "name": {
                                                            "type": "string",
                                                            "example": "Electronics"
                                                        },
                                                        "description": {
                                                            "type": "string",
                                                            "example": "Devices, gadgets, and accessories."
                                                        }
                                                    },
                                                    "type": "object"
                                                }
                                            },
                                            "type": "object"
                                        }
                                    },
                                    "type": "object"
                                }
                            }
                        }
                    },
                    "404": {
                        "description": "Product not found",
                        "content": {
                            "application/json": {
                                "schema": {
                                    "properties": {
                                        "message": {
                                            "type": "string",
                                            "example": "Product not found"
                                        }
                                    },
                                    "type": "object"
                                }
                            }
                        }
                    }
                },
                "security": [
                    {
                        "bearerAuth": []
                    }
                ]
            },
            "put": {
                "tags": [
                    "Supplier Products"
                ],
                "summary": "Update a specific product by its ID",
                "description": "Update the details of a specific product identified by its ID.",
                "operationId": "c723ed61dbd3dc74ac711f3252bd0118",
                "parameters": [
                    {
                        "name": "id",
                        "in": "path",
                        "required": true,
                        "schema": {
                            "description": "The ID of the product",
                            "type": "integer",
                            "example": 1
                        }
                    }
                ],
                "requestBody": {
                    "required": true,
                    "content": {
                        "application/json": {
                            "schema": {
                                "properties": {
                                    "category_id": {
                                        "type": "integer",
                                        "example": 1
                                    },
                                    "name": {
                                        "type": "string",
                                        "example": "Updated Product Name"
                                    },
                                    "description": {
                                        "type": "string",
                                        "example": "Updated product description."
                                    },
                                    "referral_reward_value": {
                                        "type": "number",
                                        "format": "float",
                                        "example": 10
                                    },
                                    "referral_reward_type": {
                                        "type": "enum",
                                        "format": "string",
                                        "example": "fixed|percentage"
                                    },
                                    "stock_quantity": {
                                        "type": "integer",
                                        "example": 150
                                    },
                                    "unit_selling_price": {
                                        "type": "number",
                                        "format": "float",
                                        "example": 300
                                    },
                                    "sku": {
                                        "type": "string",
                                        "example": "UpdatedSKU123"
                                    },
                                    "is_active": {
                                        "type": "boolean",
                                        "example": true
                                    }
                                },
                                "type": "object"
                            }
                        }
                    }
                },
                "responses": {
                    "200": {
                        "description": "Product updated successfully",
                        "content": {
                            "application/json": {
                                "schema": {
                                    "properties": {
                                        "data": {
                                            "properties": {
                                                "id": {
                                                    "type": "integer",
                                                    "example": 1
                                                },
                                                "name": {
                                                    "type": "string",
                                                    "example": "Updated Product Name"
                                                },
                                                "sku": {
                                                    "type": "string",
                                                    "example": "UpdatedSKU123"
                                                },
                                                "is_active": {
                                                    "type": "boolean",
                                                    "example": true
                                                },
                                                "description": {
                                                    "type": "string",
                                                    "example": "Updated product description."
                                                },
                                                "stock_quantity": {
                                                    "type": "integer",
                                                    "example": 150
                                                },
                                                "unit_selling_price": {
                                                    "type": "string",
                                                    "example": "300.00"
                                                },
                                                "referral_reward_type": {
                                                    "type": "string",
                                                    "example": "10.00"
                                                },
                                                "referral_reward_value": {
                                                    "type": "string",
                                                    "example": "null"
                                                },
                                                "created_at": {
                                                    "type": "string",
                                                    "example": "12 hours ago"
                                                },
                                                "updated_at": {
                                                    "type": "string",
                                                    "example": "0 seconds ago"
                                                },
                                                "category": {
                                                    "properties": {
                                                        "id": {
                                                            "type": "integer",
                                                            "example": 1
                                                        },
                                                        "name": {
                                                            "type": "string",
                                                            "example": "Electronics"
                                                        },
                                                        "description": {
                                                            "type": "string",
                                                            "example": "Devices, gadgets, and accessories."
                                                        }
                                                    },
                                                    "type": "object"
                                                }
                                            },
                                            "type": "object"
                                        }
                                    },
                                    "type": "object"
                                }
                            }
                        }
                    },
                    "403": {
                        "description": "You do not have permission to update this product",
                        "content": {
                            "application/json": {
                                "schema": {
                                    "properties": {
                                        "message": {
                                            "type": "string",
                                            "example": "You do not have permission to update this product."
                                        }
                                    },
                                    "type": "object"
                                }
                            }
                        }
                    },
                    "422": {
                        "description": "The given data was invalid",
                        "content": {
                            "application/json": {
                                "schema": {
                                    "properties": {
                                        "message": {
                                            "type": "string",
                                            "example": "The given data was invalid."
                                        },
                                        "errors": {
                                            "properties": {
                                                "category_id": {
                                                    "type": "array",
                                                    "items": {
                                                        "type": "string",
                                                        "example": "The selected category id is invalid."
                                                    }
                                                }
                                            },
                                            "type": "object"
                                        }
                                    },
                                    "type": "object"
                                }
                            }
                        }
                    }
                },
                "security": [
                    {
                        "bearerAuth": []
                    }
                ]
            },
            "delete": {
                "tags": [
                    "Supplier Products"
                ],
                "summary": "Delete a specific product",
                "description": "Delete a specific product by its ID.",
                "operationId": "f282f157a6d080f2a0dba6f171f781fe",
                "parameters": [
                    {
                        "name": "id",
                        "in": "path",
                        "description": "ID of the product to delete",
                        "required": true,
                        "schema": {
                            "type": "integer"
                        }
                    }
                ],
                "responses": {
                    "200": {
                        "description": "Product deleted successfully",
                        "content": {
                            "application/json": {
                                "schema": {
                                    "properties": {
                                        "message": {
                                            "type": "string",
                                            "example": "Product deleted successfully."
                                        }
                                    },
                                    "type": "object"
                                }
                            }
                        }
                    },
                    "422": {
                        "description": "Cannot delete this product because it is linked to other records",
                        "content": {
                            "application/json": {
                                "schema": {
                                    "properties": {
                                        "message": {
                                            "type": "string",
                                            "example": "Cannot delete this product because it is linked to other records."
                                        },
                                        "errors": {
                                            "properties": {
                                                "sql": {
                                                    "type": "array",
                                                    "items": {
                                                        "type": "string",
                                                        "example": "SQLSTATE[23000]: Integrity constraint violation: ..."
                                                    }
                                                }
                                            },
                                            "type": "object"
                                        }
                                    },
                                    "type": "object"
                                }
                            }
                        }
                    },
                    "500": {
                        "description": "An unexpected error occurred",
                        "content": {
                            "application/json": {
                                "schema": {
                                    "properties": {
                                        "message": {
                                            "type": "string",
                                            "example": "An unexpected error occurred."
                                        },
                                        "errors": {
                                            "properties": {
                                                "sql": {
                                                    "type": "array",
                                                    "items": {
                                                        "type": "string",
                                                        "example": "Error message details"
                                                    }
                                                }
                                            },
                                            "type": "object"
                                        }
                                    },
                                    "type": "object"
                                }
                            }
                        }
                    }
                },
                "security": [
                    {
                        "bearerAuth": []
                    }
                ]
            }
        },
        "/supplier/products": {
            "post": {
                "tags": [
                    "Supplier Products"
                ],
                "summary": "Store a newly created product",
                "description": "Store a newly created product with the provided data.",
                "operationId": "430e5d0a9a1a8241cde73390c0591073",
                "requestBody": {
                    "required": true,
                    "content": {
                        "application/json": {
                            "schema": {
                                "required": [
                                    "category_id",
                                    "name",
                                    "stock_quantity",
                                    "unit_selling_price"
                                ],
                                "properties": {
                                    "category_id": {
                                        "description": "The ID of the product's category",
                                        "type": "integer",
                                        "example": 1
                                    },
                                    "name": {
                                        "description": "The name of the product",
                                        "type": "string",
                                        "example": "animi officia"
                                    },
                                    "description": {
                                        "description": "A description of the product",
                                        "type": "string",
                                        "example": "Dolor nemo velit et voluptatem numquam voluptas."
                                    },
                                    "referral_reward_value": {
                                        "description": "A monetary reward amount",
                                        "type": "number",
                                        "format": "float",
                                        "example": 10
                                    },
                                    "referral_reward_type": {
                                        "description": "A percentage of the reward",
                                        "type": "number",
                                        "format": "float",
                                        "example": 10
                                    },
                                    "stock_quantity": {
                                        "description": "The quantity of the product in stock",
                                        "type": "integer",
                                        "example": 100
                                    },
                                    "unit_selling_price": {
                                        "description": "The selling price of the product",
                                        "type": "number",
                                        "format": "float",
                                        "example": 283.54
                                    },
                                    "sku": {
                                        "description": "A unique SKU for the product",
                                        "type": "string",
                                        "example": "Piuuo"
                                    },
                                    "is_active": {
                                        "description": "Flag to indicate if the product is active",
                                        "type": "boolean",
                                        "example": true
                                    }
                                },
                                "type": "object"
                            }
                        }
                    }
                },
                "responses": {
                    "201": {
                        "description": "Product created successfully",
                        "content": {
                            "application/json": {
                                "schema": {
                                    "properties": {
                                        "data": {
                                            "properties": {
                                                "id": {
                                                    "type": "integer",
                                                    "example": 1
                                                },
                                                "name": {
                                                    "type": "string",
                                                    "example": "animi officia"
                                                },
                                                "sku": {
                                                    "type": "string",
                                                    "example": "Piuuo"
                                                },
                                                "is_active": {
                                                    "type": "boolean",
                                                    "example": true
                                                },
                                                "description": {
                                                    "type": "string",
                                                    "example": "Dolor nemo velit et voluptatem numquam voluptas."
                                                },
                                                "stock_quantity": {
                                                    "type": "integer",
                                                    "example": 100
                                                },
                                                "unit_selling_price": {
                                                    "type": "string",
                                                    "example": "283.54"
                                                },
                                                "referral_reward_type": {
                                                    "type": "string",
                                                    "example": "10.00"
                                                },
                                                "referral_reward_value": {
                                                    "type": "string",
                                                    "example": "null"
                                                },
                                                "created_at": {
                                                    "type": "string",
                                                    "example": "0 seconds ago"
                                                },
                                                "updated_at": {
                                                    "type": "string",
                                                    "example": "0 seconds ago"
                                                },
                                                "category": {
                                                    "properties": {
                                                        "id": {
                                                            "type": "integer",
                                                            "example": 1
                                                        },
                                                        "name": {
                                                            "type": "string",
                                                            "example": "Electronics"
                                                        },
                                                        "description": {
                                                            "type": "string",
                                                            "example": "Devices, gadgets, and accessories."
                                                        }
                                                    },
                                                    "type": "object"
                                                }
                                            },
                                            "type": "object"
                                        }
                                    },
                                    "type": "object"
                                }
                            }
                        }
                    },
                    "422": {
                        "description": "The given data was invalid",
                        "content": {
                            "application/json": {
                                "schema": {
                                    "properties": {
                                        "message": {
                                            "type": "string",
                                            "example": "The given data was invalid."
                                        },
                                        "errors": {
                                            "properties": {
                                                "category_id": {
                                                    "type": "array",
                                                    "items": {
                                                        "type": "string",
                                                        "example": "The selected category id is invalid."
                                                    }
                                                }
                                            },
                                            "type": "object"
                                        }
                                    },
                                    "type": "object"
                                }
                            }
                        }
                    }
                },
                "security": [
                    {
                        "bearerAuth": []
                    }
                ]
            }
        },
        "/supplier/products/{id}/deactivate": {
            "patch": {
                "tags": [
                    "Supplier Products"
                ],
                "summary": "Deactivate a product",
                "description": "Deactivate a specific product by its ID.",
                "operationId": "b230b2bedae21be24614c4402f954738",
                "parameters": [
                    {
                        "name": "id",
                        "in": "path",
                        "description": "ID of the product to deactivate",
                        "required": true,
                        "schema": {
                            "type": "integer"
                        }
                    }
                ],
                "responses": {
                    "200": {
                        "description": "Product deactivated successfully",
                        "content": {
                            "application/json": {
                                "schema": {
                                    "properties": {
                                        "message": {
                                            "type": "string",
                                            "example": "Product deactivated successfully"
                                        }
                                    },
                                    "type": "object"
                                }
                            }
                        }
                    },
                    "404": {
                        "description": "Product not found",
                        "content": {
                            "application/json": {
                                "schema": {
                                    "properties": {
                                        "message": {
                                            "type": "string",
                                            "example": "Product not found"
                                        }
                                    },
                                    "type": "object"
                                }
                            }
                        }
                    }
                },
                "security": [
                    {
                        "bearerAuth": []
                    }
                ]
            }
        }
    },
    "tags": [
        {
            "name": "Customer",
            "description": "Customer"
        },
        {
            "name": "Supplier",
            "description": "Supplier"
        },
        {
            "name": "Authentication",
            "description": "Authentication"
        },
        {
            "name": "Supplier Products",
            "description": "Supplier Products"
        }
    ]
}